rule,region,success_0.1mm_1d_mean,success_0.1mm_1d_count,success_0.1mm_3d_mean,success_0.1mm_3d_count,success_0.1mm_7d_mean,success_0.1mm_7d_count,success_0.1mm_14d_mean,success_0.1mm_14d_count,success_1mm_1d_mean,success_1mm_1d_count,success_1mm_3d_mean,success_1mm_3d_count,success_1mm_7d_mean,success_1mm_7d_count,success_1mm_14d_mean,success_1mm_14d_count,success_5mm_1d_mean,success_5mm_1d_count,success_5mm_3d_mean,success_5mm_3d_count,success_5mm_7d_mean,success_5mm_7d_count,success_5mm_14d_mean,success_5mm_14d_count
30-day deficit threshold,brasilia,0.48717948717948717,39,0.6923076923076923,39,0.7948717948717948,39,0.9487179487179487,39,0.358974358974359,39,0.5384615384615384,39,0.6923076923076923,39,0.8974358974358975,39,0.15384615384615385,39,0.38461538461538464,39,0.5641025641025641,39,0.717948717948718,39
30-day deficit threshold,cape_town,0.3541666666666667,48,0.6666666666666666,48,0.875,48,1.0,48,0.25,48,0.4583333333333333,48,0.7916666666666666,48,0.9583333333333334,48,0.10416666666666667,48,0.22916666666666666,48,0.5416666666666666,48,0.6875,48
30-day deficit threshold,darwin,0.72,25,0.8,25,0.88,25,0.96,25,0.48,25,0.72,25,0.88,25,0.92,25,0.28,25,0.56,25,0.76,25,0.92,25
30-day deficit threshold,london,0.45,40,0.775,40,0.975,40,1.0,40,0.35,40,0.6,40,0.975,40,0.975,40,0.125,40,0.225,40,0.55,40,0.75,40
30-day deficit threshold,mumbai,0.8,30,0.8333333333333334,30,0.9333333333333333,30,1.0,30,0.7,30,0.7666666666666667,30,0.8333333333333334,30,0.9333333333333333,30,0.5,30,0.6333333333333333,30,0.7666666666666667,30,0.9333333333333333,30
30-day deficit threshold,nairobi,0.6,25,0.92,25,1.0,25,1.0,25,0.4,25,0.64,25,0.88,25,0.96,25,0.0,25,0.12,25,0.28,25,0.36,25
30-day deficit threshold,tokyo,0.5483870967741935,62,0.8064516129032258,62,0.967741935483871,62,1.0,62,0.3870967741935484,62,0.7096774193548387,62,0.9193548387096774,62,0.9838709677419355,62,0.24193548387096775,62,0.46774193548387094,62,0.7741935483870968,62,0.9193548387096774,62
30-day deficit threshold,tucson,0.28,25,0.36,25,0.56,25,0.64,25,0.12,25,0.24,25,0.48,25,0.6,25,0.04,25,0.08,25,0.16,25,0.28,25
dry-spell threshold,brasilia,0.265625,64,0.5,64,0.75,64,0.875,64,0.21875,64,0.375,64,0.53125,64,0.734375,64,0.09375,64,0.21875,64,0.375,64,0.546875,64
dry-spell threshold,cape_town,0.2727272727272727,154,0.5454545454545454,154,0.8051948051948052,154,0.9285714285714286,154,0.18831168831168832,154,0.3961038961038961,154,0.6233766233766234,154,0.8376623376623377,154,0.045454545454545456,154,0.12987012987012986,154,0.2662337662337662,154,0.45454545454545453,154
dry-spell threshold,darwin,0.3541666666666667,48,0.5625,48,0.7291666666666666,48,0.8333333333333334,48,0.2708333333333333,48,0.3541666666666667,48,0.5208333333333334,48,0.625,48,0.10416666666666667,48,0.16666666666666666,48,0.2916666666666667,48,0.4166666666666667,48
dry-spell threshold,london,0.38392857142857145,112,0.7232142857142857,112,0.9196428571428571,112,1.0,112,0.24107142857142858,112,0.5446428571428571,112,0.7946428571428571,112,0.9464285714285714,112,0.09821428571428571,112,0.2767857142857143,112,0.5267857142857143,112,0.7410714285714286,112
dry-spell threshold,mumbai,0.25,28,0.2857142857142857,28,0.4642857142857143,28,0.5357142857142857,28,0.21428571428571427,28,0.25,28,0.2857142857142857,28,0.35714285714285715,28,0.03571428571428571,28,0.14285714285714285,28,0.17857142857142858,28,0.21428571428571427,28
dry-spell threshold,nairobi,0.5045871559633027,109,0.7889908256880734,109,0.9541284403669725,109,0.9724770642201835,109,0.1651376146788991,109,0.3669724770642202,109,0.5504587155963303,109,0.6880733944954128,109,0.01834862385321101,109,0.11926605504587157,109,0.21100917431192662,109,0.3761467889908257,109
dry-spell threshold,tokyo,0.5113636363636364,88,0.7272727272727273,88,0.9545454545454546,88,1.0,88,0.38636363636363635,88,0.625,88,0.875,88,0.9772727272727273,88,0.25,88,0.3977272727272727,88,0.6931818181818182,88,0.875,88
dry-spell threshold,tucson,0.1774193548387097,124,0.3548387096774194,124,0.532258064516129,124,0.6935483870967742,124,0.08870967741935484,124,0.21774193548387097,124,0.3870967741935484,124,0.5887096774193549,124,0.024193548387096774,124,0.08064516129032258,124,0.1532258064516129,124,0.3225806451612903,124
high prospective hazard,brasilia,0.7586206896551724,58,0.9310344827586207,58,1.0,58,1.0,58,0.5862068965517241,58,0.8275862068965517,58,0.9310344827586207,58,0.9827586206896551,58,0.4827586206896552,58,0.7241379310344828,58,0.8793103448275862,58,0.9827586206896551,58
high prospective hazard,cape_town,0.40540540540540543,37,0.6486486486486487,37,0.8918918918918919,37,0.972972972972973,37,0.35135135135135137,37,0.5675675675675675,37,0.8918918918918919,37,0.972972972972973,37,0.35135135135135137,37,0.4594594594594595,37,0.7027027027027027,37,0.8918918918918919,37
high prospective hazard,darwin,0.9333333333333333,45,1.0,45,1.0,45,1.0,45,0.7555555555555555,45,0.9777777777777777,45,1.0,45,1.0,45,0.4666666666666667,45,0.7333333333333333,45,0.9111111111111111,45,0.9777777777777777,45
high prospective hazard,london,0.5675675675675675,111,0.7837837837837838,111,0.954954954954955,111,1.0,111,0.36936936936936937,111,0.5855855855855856,111,0.7927927927927928,111,0.972972972972973,111,0.17117117117117117,111,0.3063063063063063,111,0.5675675675675675,111,0.7927927927927928,111
high prospective hazard,mumbai,0.88,25,0.92,25,0.96,25,1.0,25,0.84,25,0.84,25,0.88,25,1.0,25,0.52,25,0.72,25,0.88,25,1.0,25
high prospective hazard,nairobi,0.6666666666666666,39,0.8717948717948718,39,0.9743589743589743,39,1.0,39,0.41025641025641024,39,0.6410256410256411,39,0.8717948717948718,39,0.8974358974358975,39,0.15384615384615385,39,0.23076923076923078,39,0.41025641025641024,39,0.5128205128205128,39
high prospective hazard,tokyo,0.5227272727272727,44,0.75,44,1.0,44,1.0,44,0.3181818181818182,44,0.6363636363636364,44,0.9772727272727273,44,1.0,44,0.13636363636363635,44,0.4090909090909091,44,0.7045454545454546,44,0.9545454545454546,44
high prospective hazard,tucson,0.3888888888888889,36,0.5277777777777778,36,0.6388888888888888,36,0.7777777777777778,36,0.25,36,0.3611111111111111,36,0.5,36,0.6666666666666666,36,0.05555555555555555,36,0.1388888888888889,36,0.16666666666666666,36,0.3055555555555556,36
random drought day,brasilia,0.3333333333333333,51,0.49019607843137253,51,0.6078431372549019,51,0.7254901960784313,51,0.19607843137254902,51,0.37254901960784315,51,0.5098039215686274,51,0.6274509803921569,51,0.1568627450980392,51,0.2549019607843137,51,0.37254901960784315,51,0.5098039215686274,51
random drought day,cape_town,0.32673267326732675,101,0.5643564356435643,101,0.7722772277227723,101,0.9504950495049505,101,0.18811881188118812,101,0.37623762376237624,101,0.6138613861386139,101,0.801980198019802,101,0.09900990099009901,101,0.22772277227722773,101,0.38613861386138615,101,0.5544554455445545,101
random drought day,darwin,0.25,36,0.3888888888888889,36,0.5,36,0.6388888888888888,36,0.1111111111111111,36,0.16666666666666666,36,0.3055555555555556,36,0.3888888888888889,36,0.027777777777777776,36,0.08333333333333333,36,0.2777777777777778,36,0.2777777777777778,36
random drought day,london,0.3684210526315789,76,0.6578947368421053,76,0.9078947368421053,76,1.0,76,0.19736842105263158,76,0.4605263157894737,76,0.7631578947368421,76,0.9605263157894737,76,0.05263157894736842,76,0.21052631578947367,76,0.4868421052631579,76,0.7368421052631579,76
random drought day,mumbai,0.2413793103448276,29,0.27586206896551724,29,0.3793103448275862,29,0.41379310344827586,29,0.2413793103448276,29,0.27586206896551724,29,0.3103448275862069,29,0.3448275862068966,29,0.2413793103448276,29,0.2413793103448276,29,0.3103448275862069,29,0.3448275862068966,29
random drought day,nairobi,0.5522388059701493,67,0.7761194029850746,67,0.9552238805970149,67,0.9850746268656716,67,0.19402985074626866,67,0.373134328358209,67,0.6567164179104478,67,0.8208955223880597,67,0.04477611940298507,67,0.08955223880597014,67,0.22388059701492538,67,0.417910447761194,67
random drought day,tokyo,0.4666666666666667,75,0.76,75,0.9733333333333334,75,1.0,75,0.30666666666666664,75,0.68,75,0.8933333333333333,75,0.96,75,0.21333333333333335,75,0.41333333333333333,75,0.6933333333333334,75,0.8933333333333333,75
random drought day,tucson,0.25675675675675674,74,0.35135135135135137,74,0.5675675675675675,74,0.7972972972972973,74,0.08108108108108109,74,0.16216216216216217,74,0.33783783783783783,74,0.5675675675675675,74,0.02702702702702703,74,0.06756756756756757,74,0.13513513513513514,74,0.2702702702702703,74
season-matched placebo,brasilia,0.6140350877192983,57,0.7894736842105263,57,0.9298245614035088,57,0.9824561403508771,57,0.5087719298245614,57,0.6140350877192983,57,0.7017543859649122,57,0.8596491228070176,57,0.22807017543859648,57,0.43859649122807015,57,0.5263157894736842,57,0.6842105263157895,57
season-matched placebo,cape_town,0.2537313432835821,134,0.4253731343283582,134,0.6940298507462687,134,0.9029850746268657,134,0.16417910447761194,134,0.29850746268656714,134,0.5373134328358209,134,0.7686567164179104,134,0.08208955223880597,134,0.13432835820895522,134,0.26119402985074625,134,0.3656716417910448,134
season-matched placebo,darwin,0.5957446808510638,47,0.723404255319149,47,0.8936170212765957,47,0.9574468085106383,47,0.3404255319148936,47,0.44680851063829785,47,0.5531914893617021,47,0.7659574468085106,47,0.2978723404255319,47,0.3617021276595745,47,0.44680851063829785,47,0.6170212765957447,47
season-matched placebo,london,0.6018518518518519,108,0.7592592592592593,108,0.9074074074074074,108,0.9907407407407407,108,0.3055555555555556,108,0.5277777777777778,108,0.7314814814814815,108,0.9444444444444444,108,0.14814814814814814,108,0.25925925925925924,108,0.4351851851851852,108,0.7037037037037037,108
season-matched placebo,mumbai,0.44,25,0.52,25,0.56,25,0.64,25,0.32,25,0.44,25,0.48,25,0.52,25,0.16,25,0.28,25,0.36,25,0.36,25
season-matched placebo,nairobi,0.6057692307692307,104,0.8557692307692307,104,0.9423076923076923,104,0.9807692307692307,104,0.25961538461538464,104,0.4423076923076923,104,0.625,104,0.7692307692307693,104,0.0673076923076923,104,0.16346153846153846,104,0.25961538461538464,104,0.4326923076923077,104
season-matched placebo,tokyo,0.3924050632911392,79,0.7341772151898734,79,0.9367088607594937,79,1.0,79,0.24050632911392406,79,0.46835443037974683,79,0.8354430379746836,79,0.9873417721518988,79,0.12658227848101267,79,0.3670886075949367,79,0.6075949367088608,79,0.8354430379746836,79
season-matched placebo,tucson,0.20689655172413793,116,0.3620689655172414,116,0.5948275862068966,116,0.75,116,0.08620689655172414,116,0.22413793103448276,116,0.3620689655172414,116,0.603448275862069,116,0.017241379310344827,116,0.08620689655172414,116,0.1724137931034483,116,0.28448275862068967,116
