doi,role,title,authors,year,container,crossref_status
10.1093/qje/qjag026,closest prior work on rainfall hazard and persuasive prayer,Praying for Rain,José-Antonio Espín-Sánchez; Salvador Gil-Guirado; Nicholas Ryan,2026,The Quarterly Journal of Economics,verified
10.3386/w31411,open working-paper version of closest prior work,Praying for Rain,José-Antonio Espín-Sánchez; Salvador Gil-Guirado; Nicholas Ryan,2023,,verified
10.5751/es-12875-270209,historical Murcia rain-prayer context,"Praying for rain, resilience, and social stability in Murcia (southeast Spain)",José-Antonio Espín-Sánchez; Salvador Gil-Guirado,2022,Ecology and Society,verified
10.4102/hts.v69i1.1175,Pedi rainmaking practice and stated provider price,The making and prevention of rain amongst the Pedi tribe of South Africa: A pastoral response,David K. Semenya,2013,HTS Teologiese Studies / Theological Studies,verified
10.1016/j.ecolecon.2011.11.011,cultural values in ecosystem-service analysis,Rethinking ecosystem services to better address and navigate cultural values,Kai M.A. Chan; Terre Satterfield; Joshua Goldstein,2012,Ecological Economics,verified
10.1016/j.ecolecon.2015.01.006,shared and social values of ecosystems,What are shared and social values of ecosystems?,Jasper O. Kenter; Liz O'Brien; Neal Hockley; Neil Ravenscroft; Ioan Fazey; Katherine N. Irvine; Mark S. Reed; Michael Christie; Emily Brady; Rosalind Bryce; Andrew Church; Nigel Cooper; Althea Davies; Anna Evely; Mark Everard; Robert Fish; Janet A. Fisher; Niels Jobstvogt; Claire Molloy; Johanne Orchard-Webb; Susan Ranger; Mandy Ryan; Verity Watson; Susan Williams,2015,Ecological Economics,verified
10.1016/j.ecolecon.2013.07.004,excluded after metadata audit; capability approach article did not match intended role,The place of the capability approach within sustainability economics,Nuno O. Martins,2013,Ecological Economics,verified
10.1016/j.ecolecon.2017.11.006,excluded after metadata audit; growth-versus-environment article did not match intended role,Challenges in Assessing Public Opinion on Economic Growth Versus Environment: Considering European and US Data,Stefan Drews; Miklós Antal; Jeroen C.J.M. van den Bergh,2018,Ecological Economics,verified
10.1016/j.cosust.2016.12.006,plural values and nature's contributions,Valuing nature’s contributions to people: the IPBES approach,Unai Pascual; Patricia Balvanera; Sandra Díaz; György Pataki; Eva Roth; Marie Stenseke; Robert T Watson; Esra Başak Dessane; Mine Islar; Eszter Kelemen; Virginie Maris; Martin Quaas; Suneetha M Subramanian; Heidi Wittmer; Asia Adlan; SoEun Ahn; Yousef S Al-Hafedh; Edward Amankwah; Stanley T Asah; Pam Berry; Adem Bilgin; Sara J Breslow; Craig Bullock; Daniel Cáceres; Hamed Daly-Hassen; Eugenio Figueroa; Christopher D Golden; Erik Gómez-Baggethun; David González-Jiménez; Joël Houdet; Hans Keune; Ritesh Kumar; Keping Ma; Peter H May; Aroha Mead; Patrick O’Farrell; Ram Pandit; Walter Pengue; Ramón Pichis-Madruga; Florin Popa; Susan Preston; Diego Pacheco-Balanza; Heli Saarikoski; Bernardo B Strassburg; Marjan van den Belt; Madhu Verma; Fern Wickson; Noboyuki Yagi,2017,Current Opinion in Environmental Sustainability,verified
10.1073/pnas.1525002113,relational values of nature,Why protect nature? Rethinking values and the environment,Kai M. A. Chan; Patricia Balvanera; Karina Benessaiah; Mollie Chapman; Sandra Díaz; Erik Gómez-Baggethun; Rachelle Gould; Neil Hannahs; Kurt Jax; Sarah Klain; Gary W. Luck; Berta Martín-López; Barbara Muraca; Bryan Norton; Konrad Ott; Unai Pascual; Terre Satterfield; Marc Tadaki; Jonathan Taggart; Nancy Turner,2016,Proceedings of the National Academy of Sciences,verified
10.1016/j.cosust.2017.12.005,excluded after metadata audit; storytelling article did not match intended role,Narrative matters for sustainability: the transformative role of storytelling in realizing 1.5°C futures,S Veland; M Scoville-Simonds; I Gram-Hanssen; AK Schorre; A El Khoury; MJ Nordbø; AH Lynch; G Hochachka; M Bjørkan,2018,Current Opinion in Environmental Sustainability,verified
10.1016/j.ecolecon.2013.07.002,limits and politics of monetary valuation,To value or not to value? That is not the question,Giorgos Kallis; Erik Gómez-Baggethun; Christos Zografos,2013,Ecological Economics,verified
10.1016/j.ecoser.2016.11.007,integrated plural valuation,A new valuation school: Integrating diverse values of nature in resource and land use decisions,Sander Jacobs; Nicolas Dendoncker; Berta Martín-López; David Nicholas Barton; Erik Gomez-Baggethun; Fanny Boeraeve; Francesca L. McGrath; Kati Vierikko; Davide Geneletti; Katharina J. Sevecke; Nathalie Pipart; Eeva Primmer; Peter Mederly; Stefan Schmidt; Alexandra Aragão; Himlal Baral; Rosalind H. Bark; Tania Briceno; Delphine Brogna; Pedro Cabral; Rik De Vreese; Camino Liquete; Hannah Mueller; Kelvin S.-H. Peh; Anna Phelan; Alexander R. Rincón; Shannon H. Rogers; Francis Turkelboom; Wouter Van Reeth; Boris T. van Zanten; Hilde Karine Wam; Carla-Leanne Washbourne,2016,Ecosystem Services,verified
10.1016/j.cosust.2018.09.005,relational values and pluralistic valuation,Relational values: the key to pluralistic valuation of ecosystem services,Austin Himes; Barbara Muraca,2018,Current Opinion in Environmental Sustainability,verified
10.1016/j.ecoser.2016.09.002,cultural ecosystem services,Conceptualising cultural ecosystem services: A novel framework for research and critical engagement,Robert Fish; Andrew Church; Michael Winter,2016,Ecosystem Services,verified
10.1016/j.ecolecon.2024.108425,drought adaptation preferences and WTP,Preferences for drought risk adaptation support in Kenya: Evidence from a discrete choice experiment and three decision-making theories,Teun Schrieks; W.J. Wouter Botzen; Toon Haer; Jeroen C.J.H. Aerts,2025,Ecological Economics,verified
10.1029/2000wr900320,WTP for drought-mitigation ecosystem services,Pricing ecological services: Willingness to pay for drought mitigation from watershed protection in eastern Indonesia,Subhrendu K. Pattanayak; Randall A. Kramer,2001,Water Resources Research,verified
10.1111/j.1475-4932.2006.00293.x,WTP to avoid drought restrictions,Water Supply Security and Willingness to Pay to Avoid Drought Restrictions*,DAVID HENSHER; NINA SHORE; KENNETH TRAIN,2006,Economic Record,verified
10.1002/qj.3803,ERA5 reanalysis,The ERA5 global reanalysis,Hans Hersbach; Bill Bell; Paul Berrisford; Shoji Hirahara; András Horányi; Joaquín Muñoz‐Sabater; Julien Nicolas; Carole Peubey; Raluca Radu; Dinand Schepers; Adrian Simmons; Cornel Soci; Saleh Abdalla; Xavier Abellan; Gianpaolo Balsamo; Peter Bechtold; Gionata Biavati; Jean Bidlot; Massimo Bonavita; Giovanna De Chiara; Per Dahlgren; Dick Dee; Michail Diamantakis; Rossana Dragani; Johannes Flemming; Richard Forbes; Manuel Fuentes; Alan Geer; Leo Haimberger; Sean Healy; Robin J. Hogan; Elías Hólm; Marta Janisková; Sarah Keeley; Patrick Laloyaux; Philippe Lopez; Cristina Lupu; Gabor Radnoti; Patricia de Rosnay; Iryna Rozum; Freja Vamborg; Sebastien Villaume; Jean‐Noël Thépaut,2020,Quarterly Journal of the Royal Meteorological Society,verified
10.5194/essd-13-4349-2021,ERA5-Land reanalysis,ERA5-Land: a state-of-the-art global reanalysis dataset for land applications,Joaquín Muñoz-Sabater; Emanuel Dutra; Anna Agustí-Panareda; Clément Albergel; Gabriele Arduini; Gianpaolo Balsamo; Souhail Boussetta; Margarita Choulga; Shaun Harrigan; Hans Hersbach; Brecht Martens; Diego G. Miralles; María Piles; Nemesio J. Rodríguez-Fernández; Ervin Zsoter; Carlo Buontempo; Jean-Noël Thépaut,2021,Earth System Science Data,verified
10.1175/2009jcli2909.1,standardized drought index,A Multiscalar Drought Index Sensitive to Global Warming: The Standardized Precipitation Evapotranspiration Index,Sergio M. Vicente-Serrano; Santiago Beguería; Juan I. López-Moreno,2010,Journal of Climate,verified
10.1093/ije/dyh299,regression to the mean,Regression to the mean: what it is and how to deal with it,A. G Barnett,2004,International Journal of Epidemiology,verified
10.1126/science.185.4157.1124,judgment under uncertainty,Judgment under Uncertainty: Heuristics and Biases,Amos Tversky; Daniel Kahneman,1974,Science,verified
10.1037/h0055873,reinforcement and superstitious behavior,'Superstition' in the pigeon.,B. F. Skinner,1948,Journal of Experimental Psychology,verified
10.1086/261849,social learning and informational cascades,"A Theory of Fads, Fashion, Custom, and Cultural Change as Informational Cascades",Sushil Bikhchandani; David Hirshleifer; Ivo Welch,1992,Journal of Political Economy,verified
10.1016/0022-0531(82)90030-8,reputation under incomplete information,Reputation and imperfect information,David M Kreps; Robert Wilson,1982,Journal of Economic Theory,verified
10.1111/j.2517-6161.1972.tb00899.x,hazard modelling,Regression Models and Life-Tables,D. R. Cox,1972,Journal of the Royal Statistical Society Series B: Statistical Methodology,verified
